{
  "ambientDependencies": {
    "es6-shim": "github:DefinitelyTyped/DefinitelyTyped/es6-shim/es6-shim.d.ts#6697d6f7dadbf5773cb40ecda35a76027e0783b2",
    "jasmine": "github:DefinitelyTyped/DefinitelyTyped/jasmine/jasmine.d.ts#dd638012d63e069f2c99d06ef4dcc9616a943ee4",
    "jquery": "github:DefinitelyTyped/DefinitelyTyped/jquery/jquery.d.ts#4cdfbe96b666eec5e1defbb519a62abf04e96764",
    "node": "github:DefinitelyTyped/DefinitelyTyped/node/node.d.ts#aee0039a2d6686ec78352125010ebb38a7a7d743"
  },
  "dependencies": {
    "moment": "github:typed-typings/npm-moment#a4075cd50e63efbedd850f654594f293ab81a385"
  }
}
